ID,ACCOUNTID,START_DATE,END_DATE
0064x00000JODVWAA5,0014x000012evEgAAI,2022-10-31,2022-11-29
0064x00000C5NcTAAV,0014x00000sdrLBAAY,2022-02-15,2023-02-14
0064x00000AEA56AAH,0014x00000g6ANqAAM,2021-12-08,2022-12-07
0064x000007ITLCAA4,0014x00000GNJXxAAP,2022-04-04,2023-04-03
0064x000002AR8LAAW,0014x000005pCAwAAM,2019-08-24,2021-04-30
0064x000002AR8LAAW,0014x000005pCAwAAM,2019-08-24,2021-04-30
0064x000002AR8LAAW,0014x000005pCAwAAM,2019-08-24,2021-04-30
0064x000002AR8LAAW,0014x000005pCAwAAM,2019-08-24,2021-04-30
0064x000002AR8bAAG,0014x000005pBydAAE,2018-11-26,2019-11-25
0064x000002ARA0AAO,0014x000005pC9nAAE,2021-01-04,2021-02-03
0064x000002ARA1AAO,0014x000005pC2ZAAU,2020-11-30,2021-02-05
0064x000002ARA2AAO,0014x000005pC9yAAE,2021-02-16,2021-03-16
0064x000002ARA3AAO,0014x000005pC8eAAE,2020-11-16,2020-12-15
0064x000002ARA9AAO,0014x000005pBvdAAE,2020-03-09,2020-06-24
0064x000002ARAsAAO,0014x000005pC2OAAU,2020-06-29,2020-07-28
0064x000002ARBjAAO,0014x000005pC01AAE,2020-06-29,2020-07-28
0064x000002ARBlAAO,0014x000005pCEhAAM,2020-03-05,2020-06-05
0064x000002ARBwAAO,0014x000005pCChAAM,2020-07-27,2020-08-26
0064x000002ARCUAA4,0014x000005pC55AAE,2020-12-31,2023-12-30
0064x000002ARENAA4,0014x000005pBuIAAU,2020-10-26,2020-11-25
0064x000002AREtAAO,0014x000005pC8SAAU,2021-01-11,2021-02-16
0064x000002ARFMAA4,0014x000005pCBdAAM,2021-01-05,2021-02-04
0064x000002ARFSAA4,0014x000005pCEDAA2,2021-02-15,2022-02-14
0064x000002ARFUAA4,0014x000005pC3FAAU,2021-01-04,2021-02-03
0064x000002ARFVAA4,0014x000005pC9fAAE,2021-03-15,2021-04-14
0064x000002ARFZAA4,0014x00001JZeTxAAL,2020-01-27,2021-01-26
0064x000002ARFbAAO,0014x000005pC5MAAU,2018-12-31,2020-01-31
0064x000002ARFfAAO,0014x000005pC3qAAE,2019-06-03,2019-07-02
0064x000002ARFhAAO,0014x000005pBwvAAE,2018-10-01,2018-11-01
0064x000002ARFqAAO,0014x000005pC58AAE,2020-03-01,2020-09-30
0064x000002BxBGAA0,0014x00000A6ytWAAR,2021-03-01,2021-03-31
0064x000002CCLPAA4,0014x00000A9JEXAA3,2021-03-29,2021-04-28
0064x000002CLmaAAG,0014x00000DIzlHAAT,2021-03-22,2021-05-21
0064x000002CWKDAA4,0014x000005pC4EAAU,2021-06-02,2021-08-01
0064x000002CYYlAAO,0014x00000DIyrnAAD,2021-02-28,2022-02-27
0064x000002CdOdAAK,0014x00000EmX9aAAF,2021-08-23,2021-09-22
0064x000002CdOeAAK,0014x00000EmBIyAAN,2021-07-06,2021-09-05
0064x000002CddGAAS,0014x00000EmpvXAAR,2021-03-26,2022-03-25
0064x000007IDhRAAW,0014x00001rUbzIAAS,2021-05-03,2021-06-02
0064x000007IVS7AAO,0014x000005pC6FAAU,2021-08-30,2021-09-30
0064x000007KAPTAA4,0014x00000KZsuWAAT,2021-06-28,2021-08-27
0064x000007L7pdAAC,0014x00000zCjP7AAK,2021-08-23,2021-09-22
0064x000008msFvAAI,0014x000012eyq4AAA,2021-08-16,2022-08-15
0064x000008onxHAAQ,0014x00000SVjkSAAT,2021-08-30,2021-09-30
0064x000008p3KuAAI,0014x00000NSDTRAA5,2021-10-25,2021-11-24
0064x000009RugtAAC,0014x00000WwzSFAAZ,2021-10-18,2021-11-17
0064x00000ACTV9AAP,0014x00000edOVnAAM,2021-10-15,2021-11-14
0064x00000ACUGYAA5,0014x00000EnLEqAAN,2022-01-10,2022-02-09
0064x00000ADyhtAAD,0014x00000NTuhXAAT,2021-10-19,2021-11-18
0064x00000AUvi2AAD,0014x000005pBxHAAU,2022-01-17,2022-02-16
0064x00000AV0eVAAT,0014x00000EmPaIAAV,2021-12-31,2022-12-30
0064x00000AV2OeAAL,0014x00000SVlC0AAL,2021-11-12,2021-12-11
0064x00000AWzsuAAD,0014x00000kHNZoAAO,2021-11-15,2021-12-14
0064x00000Au3FCAAZ,0014x00000n6WNdAAM,2021-12-31,2023-01-31
0064x00000KDLKVAA5,0014x000005pC5lAAE,2019-08-01,2019-08-31
0064x000002D1zMAAS,0014x00000GNnQsAAL,2021-04-20,2022-04-19
0064x000007J2rNAAS,0014x00000KYE3VAAX,2021-06-14,2022-06-13
0064x000007JfZ7AAK,0014x00000NTFsmAAH,2021-06-30,2022-06-29
0064x000008oTEFAA2,0014x00000WuSGtAAN,2021-08-23,2022-08-22
0064x000008p2KeAAI,0014x00000WwpUtAAJ,2021-08-18,2022-08-17
0064x000009OXXaAAO,0014x00000Z2LVBAA3,2021-11-04,2022-11-03
0064x000009P7HjAAK,0014x000005pCCuAAM,2021-10-11,2022-10-10
0064x000009Pz7XAAS,0014x00000bv098AAA,2021-10-14,2022-10-13
0064x000009jodmAAA,0014x00000Z2z8AAAR,2021-10-27,2022-10-26
0064x00000ADvBCAA1,0014x00000efx0CAAQ,2022-01-24,2023-01-23
0064x00000AEie1AAD,0014x00000h7dC5AAI,2021-11-22,2022-11-21
0064x000002CluRAAS,0014x000005pC0MAAU,2021-03-22,2021-04-21
0064x000007J4lTAAS,0014x00000I7z64AAB,2021-05-24,2021-06-20
0064x00000C3nTJAAZ,0014x00000edGMmAAM,2021-12-20,2022-03-16
0064x000007Ibi5AAC,0014x00000A6oxlAAB,2021-05-28,2022-05-27
0064x00000C5QuAAAV,0014x00000sfb9ZAAQ,2022-02-28,2023-02-27
0064x00000CVK88AAH,0014x00000NTw3JAAT,2022-01-31,2022-03-01
0064x00000CZ8MJAA1,0014x00000wnSsnAAE,2022-02-28,2023-02-27
0064x000002AtwuAAC,0014x0000085QqgAAE,2021-02-01,2022-01-31
0064x000002BB8BAAW,0014x0000087l6iAAA,2021-02-08,2021-03-07
0064x000002CpmUAAS,0014x000005pCBqAAM,2021-04-19,2021-06-18
0064x000002Cs6PAAS,0014x00000Emsz5AAB,2021-10-20,2022-10-19
0064x000007IcuAAAS,0014x00000KWEaTAAX,2021-05-15,2021-06-15
0064x000007LvUBAA0,0014x000005pCH2AAM,2021-09-02,2022-09-01
0064x000008msDLAAY,0014x00000SXvzSAAT,2021-09-30,2022-09-29
0064x00000I47s0AAB,0014x00000kHLZxAAO,2022-10-04,2022-11-04
0064x000002AR8IAAW,0014x000005pC5lAAE,2020-01-01,2020-12-31
0064x000002AR8MAAW,0014x000005pByIAAU,2019-06-21,2020-06-20
0064x000002AR8SAAW,0014x000005pCB1AAM,2020-03-23,2021-03-22
0064x000002AR90AAG,0014x000005pC5sAAE,2020-02-01,2021-01-31
0064x000002AR96AAG,0014x000005pBq3AAE,2019-12-01,2020-11-30
0064x000002AR9rAAG,0014x000005pC4UAAU,2020-10-23,2021-10-22
0064x000002ARA6AAO,0014x000005pC8tAAE,2020-01-01,2020-12-31
0064x000002ARDGAA4,0014x000005pBzEAAU,2019-08-12,2020-08-11
0064x000002AREFAA4,0014x000005pBu1AAE,2020-11-30,2021-11-29
0064x000002ARELAA4,0014x000005pBsnAAE,2020-10-15,2021-10-14
0064x000002AREpAAO,0014x000005pBuVAAU,2020-11-09,2021-11-08
0064x000002ARFxAAO,0014x000005pByJAAU,2019-05-13,2020-05-12
0064x000002AR8YAAW,0014x000005pBv6AAE,2019-04-16,2019-10-15
0064x000002ARFgAAO,0014x000005pC4FAAU,2019-08-20,2020-08-19
0064x000002ARFiAAO,0014x000005pC2BAAU,2019-04-03,2020-04-02
0064x000002ARFlAAO,0014x000005pC3rAAE,2019-10-23,2020-10-22
0064x000002ARFvAAO,0014x000005pC2fAAE,2019-05-13,2020-05-12
0064x000002ARAtAAO,0014x000005pC5MAAU,2020-02-01,2021-01-31
0064x000002ARBoAAO,0014x000005pByJAAU,2020-05-13,2021-05-12
0064x000002ARBpAAO,0014x000005pBzEAAU,2020-08-12,2021-08-11
0064x000002ARBqAAO,0014x000005pBydAAE,2020-05-11,2021-05-10
0064x000002ARCcAAO,0014x000005pCB1AAM,2021-03-23,2022-03-22
0064x000002ARCgAAO,0014x000005pBvdAAE,2021-07-01,2023-06-30
0064x000002ARChAAO,0014x000005pC5MAAU,2021-02-01,2022-01-31
0064x000002ARCiAAO,0014x000005pC5lAAE,2021-01-01,2021-12-31
0064x000002ARCkAAO,0014x000005pByJAAU,2021-05-13,2022-05-12
0064x000002ARClAAO,0014x000005pBydAAE,2021-05-11,2022-05-10
0064x000002ARCmAAO,0014x000005pC5sAAE,2021-02-01,2022-01-31
0064x000002ARDZAA4,0014x000005pByIAAU,2020-11-01,2021-10-31
0064x000002ARDfAAO,0014x000005pC2OAAU,2021-07-29,2022-07-28
0064x000002AREPAA4,0014x000005pBzEAAU,2021-08-12,2022-08-11
0064x000002AREsAAO,0014x000005pBuVAAU,2021-11-09,2022-11-08
0064x000002ARFCAA4,0014x000005pBu1AAE,2021-11-30,2022-11-29
0064x000002C0LXAA0,0014x000005pC5sAAE,2022-02-01,2023-01-31
0064x000002C3a3AAC,0014x000005pC9nAAE,2022-04-01,2023-03-31
0064x000002CHeMAAW,0014x000005pC2ZAAU,2022-01-16,2023-01-15
0064x000002CdgvAAC,0014x000005pC3FAAU,2022-03-04,2023-03-03
0064x000002CijOAAS,0014x0000087l6iAAA,2022-03-08,2023-03-07
0064x000002CnrZAAS,0014x000005pCAwAAM,2022-05-01,2023-04-30
0064x000002D3qWAAS,0014x00000EmpvXAAR,2022-03-26,2023-03-25
0064x000007IKGiAAO,0014x00000GNnQsAAL,2022-04-20,2023-04-19
0064x000007IKKwAAO,0014x000005pC9fAAE,2022-04-15,2023-04-14
0064x000007IbIhAAK,0014x000005pC5lAAE,2022-01-01,2022-12-31
0064x000007IxADAA0,0014x000005pByJAAU,2022-05-13,2023-05-12
0064x000007IzjLAAS,0014x000005pCAqAAM,2022-05-15,2023-05-14
0064x000007JD3vAAG,0014x000005pByIAAU,2021-11-01,2022-10-31
0064x000007JHtZAAW,0014x00000A6oxlAAB,2022-05-28,2023-05-27
0064x000007KPRyAAO,0014x00000EobZNAAZ,2022-06-16,2023-06-15
0064x000007LpNNAA0,0014x00000NTFsmAAH,2022-06-30,2023-06-29
0064x00000EsGflAAF,0014x00000NTFsmAAH,2023-06-30,2024-06-29
0064x000002Az63AAC,0014x0000085QqgAAE,2022-02-01,2023-01-31
0064x000002Cb7cAAC,0014x000005pC9QAAU,2022-03-31,2023-03-30
0064x000002CdMhAAK,0014x00001JZeTxAAL,2022-01-27,2023-01-26
0064x000002CdccAAC,0014x00000DIyrnAAD,2022-02-28,2023-02-27
0064x000007I5nAAAS,0014x000005pCB1AAM,2022-03-23,2023-03-22
0064x000007IbIXAA0,0014x000005pBq3AAE,2021-12-01,2022-11-30
0064x000007Iz4cAAC,0014x00000DIzlHAAT,2022-05-22,2023-05-21
0064x00000CVDOJAA5,0014x000005pC5MAAU,2023-02-01,2024-01-31
0064x000002ARBkAAO,0014x000005pBvdAAE,2021-07-01,2023-06-30
0064x000002ARBmAAO,0014x000005pByJAAU,2020-05-13,2021-05-12
0064x000002ARDcAAO,0014x000005pBzEAAU,2020-08-12,2021-08-12
0064x000002ARDeAAO,0014x000005pC2OAAU,2021-07-29,2022-07-28
0064x000002Cuq5AAC,0014x000005pC9yAAE,2021-03-17,2022-03-16
0064x000007IUXiAAO,0014x000005pByJAAU,2021-05-13,2022-05-12
0064x000008phxsAAA,0014x000005pBs4AAE,2021-09-24,2022-09-23
0064x00000DtfhEAAR,0014x00000A6ytWAAR,2021-12-31,2022-06-01
0064x00000FmRPzAAN,0014x000005pC8tAAE,2020-08-01,2020-12-31
0064x00000Br0tlAAB,0014x000005pC8tAAE,2022-12-31,2023-12-30
0064x00000Jxob7AAB,0014x000005pBsFAAU,2022-11-16,2022-12-16
0064x000002AR8mAAG,0014x000005pBvdAAE,2020-07-01,2021-06-30
0064x000002ARBgAAO,0014x000005pBvdAAE,2020-07-01,2020-12-31
0064x000002ARBhAAO,0014x000005pC2OAAU,2020-07-29,2021-07-28
0064x000002AREMAA4,0014x000005pC8eAAE,2020-12-16,2021-12-15
0064x000002AREbAAO,0014x000005pC2ZAAU,2021-01-16,2022-01-15
0064x000002AREdAAO,0014x000005pC9nAAE,2021-04-01,2022-03-31
0064x000002ARFEAA4,0014x000005pC9QAAU,2021-03-31,2022-03-30
0064x000002ARFHAA4,0014x000005pCAqAAM,2021-05-15,2022-05-14
0064x000002BgHiAAK,0014x0000087l6iAAA,2021-03-08,2022-03-07
0064x000002BgbyAAC,0014x00000A6ytWAAR,2021-06-02,2022-06-01
0064x000002C5M5AAK,0014x00000DIzlHAAT,2021-05-22,2022-05-21
0064x000002CdOiAAK,0014x00000EmX9aAAF,2021-09-23,2022-09-22
0064x000002CdOxAAK,0014x00000EmBIyAAN,2021-09-06,2022-09-05
0064x000002CvsYAAS,0014x000005pCBfAAM,2022-06-01,2023-05-31
0064x000007IwwRAAS,0014x00000I7z64AAB,2021-08-16,2022-08-15
0064x000007Iy0SAAS,0014x00000KZsuWAAT,2021-08-28,2022-08-27
0064x000007JAHjAAO,0014x00000EnLEqAAN,2022-02-10,2023-02-09
0064x000007K2c5AAC,0014x00000NTw3JAAT,2022-03-02,2023-03-01
0064x000007KPYVAA4,0014x00000zCjP7AAK,2021-09-23,2022-12-22
0064x000007Lw8CAAS,0014x00000SVjkSAAT,2021-09-29,2022-09-28
0064x000009PamkAAC,0014x00001rUdEtAAK,2022-02-02,2022-05-01
0064x000009RmZ4AAK,0014x00000WwzSFAAZ,2021-11-18,2022-11-17
0064x000009n6TrAAI,0014x00000edOVnAAM,2021-11-15,2022-11-14
0064x00000ACOrgAAH,0014x000005pBxHAAU,2022-02-17,2023-02-16
0064x00000AEszNAAT,0014x000005pC8tAAE,2021-12-31,2022-12-30
0064x00000Au2iwAAB,0014x00000n6HiLAAU,2022-02-08,2023-02-07
0064x00000CWSurAAH,0014x00000edOVnAAM,2022-01-18,2022-11-14
0064x00000CXKpeAAH,0014x00000ecYrYAAU,2022-03-28,2023-03-27
0064x00000CXQCEAA5,0014x00000u47jrAAA,2022-01-31,2023-01-30
0064x00000CXTo6AAH,0014x00000u5nJ9AAI,2022-03-31,2023-03-30
0064x00000CnjaDAAR,0014x00000ecYrYAAU,2022-02-28,2022-03-27
0064x00000Co5YBAAZ,0014x00000zE2ToAAK,2022-03-31,2023-03-30
0064x00000CpfMnAAJ,0014x00001126gjAAA,2022-03-14,2022-04-13
0064x00000D7eE2AAJ,0014x00000l0qdAAAQ,2022-03-14,2022-04-13
0064x00000DThdcAAD,0014x000005pCBfAAM,2022-04-18,2022-05-31
0064x00000DsqOrAAJ,0014x00000h9yRVAAY,2022-07-11,2022-09-10
0064x00000EGZpWAAX,0014x000012fMTjAAM,2022-05-25,2022-06-24
0064x00000EGc5OAAT,0014x00000vAQldAAG,2022-05-23,2022-06-22
0064x00000EHgmjAAD,0014x00000wlZ0NAAU,2022-05-18,2022-06-17
0064x000007InoKAAS,0014x000015L46bAAC,2022-05-01,2023-04-30
0064x000008nc9EAAQ,0014x00000SYzCqAAL,2021-12-06,2022-12-05
0064x000002ARBnAAO,0014x000005pBq3AAE,2020-12-01,2021-11-30
0064x000002ARCjAAO,0014x000005pCAwAAM,2021-05-01,2022-04-30
0064x000002ARCeAAO,0014x00001JZeTxAAL,2021-01-27,2022-01-26
0064x00000Au3P2AAJ,0014x00000eg8dDAAQ,2022-01-31,2023-01-30
0064x00000CYiSQAA1,0014x00000kHH1YAAW,2022-02-28,2023-02-27
0064x00000AX4BcAAL,0014x000005pBuIAAU,2021-12-01,2022-11-30
0064x00000AsmnzAAB,0014x00000lTSyYAAW,2021-11-30,2022-11-29
0064x00000Cnuw2AAB,0014x00001126gjAAA,2022-04-14,2023-04-13
0064x000007JD3lAAG,0014x000005pBxyAAE,2021-07-19,2022-07-18
0064x000002D0eBAAS,0014x00000EobZNAAZ,2021-06-16,2022-06-15
0064x000007IMp3AAG,0014x000015L46bAAC,2021-05-01,2022-04-30
0064x000002D3mUAAS,0014x00000I51poAAB,2021-11-01,2022-10-31
0064x000002ARFGAA4,0014x000005pCAqAAM,2021-03-15,2021-05-14
0064x000002AREXAA4,0014x000005pCChAAM,2021-08-29,2022-08-28
0064x000002ARF0AAO,0014x000005pC3FAAU,2021-02-04,2022-03-03
0064x000009Pz9dAAC,0014x00000bvBjNAAU,2021-11-08,2022-11-07
0064x000007JDiSAAW,0014x00000NSDTRAA5,2021-11-25,2022-11-24
0064x00000AspSAAAZ,0014x000005pC3xAAE,2021-12-31,2022-12-30
0064x00000AFRaTAAX,0014x00000j6q8qAAA,2021-12-31,2022-12-30
0064x00000NqLmxAAF,0014x00000kHKEFAA4,,
0064x000002ARFWAA4,0014x000005pC9fAAE,2021-04-15,2022-04-14
0064x000002ARFDAA4,0014x000005pC9QAAU,2021-01-19,2021-02-22
0064x000002ARFQAA4,0014x000005pCBqAAM,2021-06-19,2022-08-18
0064x000002ARCRAA4,0014x000005pBssAAE,2020-12-31,2021-12-30
0064x000002ARCrAAO,0014x000005pBs4AAE,2020-08-24,2020-09-23
0064x000002ARDgAAO,0014x000005pBs4AAE,2020-09-24,2021-09-23
0064x000002AR9tAAG,0014x000005pC58AAE,2020-10-01,2021-03-31
0064x000002ARDbAAO,0014x000005pC9yAAE,2021-03-17,2022-03-16
0064x000002ARDXAA4,0014x000005pBysAAE,2020-11-14,2020-12-30
0064x000002AREWAA4,0014x000005pBs4AAE,2021-09-24,2022-09-23
0064x000002ARCWAA4,0014x000005pCChAAM,2020-09-29,2021-08-28
0064x000002ARFTAA4,0014x000005pBvdAAE,2021-01-01,2021-06-30
0064x000002ARBsAAO,0014x000005pC3rAAE,2020-10-23,2021-10-22
0064x000002AREcAAO,0014x000012evclAAA,2020-11-24,2021-11-23
0064x000002ARErAAO,0014x000005pBysAAE,2020-12-31,2021-11-30
0064x000002CYYvAAO,0014x000005pC0gAAE,2021-05-26,2021-06-25
0064x000007JwKsAAK,0014x00000NTuhXAAT,2021-12-31,2022-12-30
0064x00000AshnCAAR,0014x000005pBoSAAU,2021-12-31,2022-12-30
0064x00000AvdNDAAZ,0014x00000po72FAAQ,2021-12-31,2022-12-30
0064x00000N06g2AAB,0014x000018yDJmAAM,,
0064x00000OmmpEAAR,0014x00001ldyz1AAA,2023-06-12,2023-07-15
0064x000008pJdKAAU,0014x000005pBzEAAU,2021-08-12,2022-08-11
0064x000002CuplAAC,0014x000005pC9yAAE,2022-03-17,2023-03-16
0064x00000QKhWsAAL,0014x000014bn1jAAA,2023-08-09,2023-09-08
0064x00000KDLPQAA5,0014x000005pBvdAAE,2021-01-01,2021-01-31
0064x00000GRsG6AAL,0014x0000163MWYAA2,2022-10-01,2022-10-31
0064x00000GU2RVAA1,0014x00001Ajy90AAB,2022-09-06,2022-09-29
0064x00000K9rcCAAR,0014x000005pC9VAAU,2023-03-16,2023-06-15
0064x00000L2IHdAAN,0014x00001OyI7eAAF,2023-01-10,2023-02-20
0064x00000LWm2yAAD,0014x00000EnLEqAAN,2023-02-10,2023-08-09
0064x00000LWzTEAA1,0014x000005pBt3AAE,2023-03-01,2023-03-31
0064x00000LY2kVAAT,0014x00001G7KeMAAV,2023-03-13,2023-04-12
0064x00000LY3zQAAT,0014x00000vAQgKAAW,2023-07-17,2023-08-17
0064x00000LZ59IAAT,0014x000005pC68AAE,2023-04-03,2023-06-02
0064x00000MPBU1AAP,0014x000012evF9AAI,2023-07-12,2023-07-26
0064x00000N3SsKAAV,0014x00000ygNT0AAM,2023-05-03,2023-05-17
0064x00000NpsglAAB,0014x00000Z0rG8AAJ,2023-05-17,2023-06-16
0064x00000NpsnXAAR,0014x00001o2ktOAAQ,2023-05-22,2023-06-28
0064x00000OkmAyAAJ,0014x00000vAQfwAAG,2023-06-20,2023-07-20
0064x00000CVLsMAAX,0014x00000Z1Pe9AAF,2022-05-16,2022-06-30
0064x00000Dsu0WAAR,0014x00000Z1Pe9AAF,2022-05-16,2022-06-30
0064x000007JJ3sAAG,0014x0000111M20AAE,2022-03-28,2023-03-27
0064x000007JTCxAAO,0014x00000NSCk1AAH,2022-09-18,2023-09-17
0064x000007KddOAAS,0014x000005pBxyAAE,2022-07-19,2023-07-18
0064x000008om9LAAQ,0014x000005pBvdAAE,2023-06-30,2025-06-29
0064x000009OyFhAAK,0014x000012eyq4AAA,2022-08-16,2023-08-15
0064x000009PT9mAAG,0014x000005pBs4AAE,2022-09-24,2023-09-23
0064x000009QT2aAAG,0014x00000kHNZoAAO,2022-09-15,2023-09-14
0064x000009QVCFAA4,0014x000005pCH2AAM,2022-09-02,2023-09-01
0064x000009ROAWAA4,0014x00000EmBIyAAN,2022-09-06,2023-09-05
0064x000009kKBSAA2,0014x00000NSCk1AAH,2022-07-18,2022-09-17
0064x000009kdyZAAQ,0014x00000EmX9aAAF,2022-09-23,2023-09-22
0064x000009mMuYAAU,0014x00000SVjkSAAT,2022-09-29,2023-09-28
0064x00000AENEBAA5,0014x000005pBq3AAE,2022-12-01,2023-11-30
0064x00000AUgV0AAL,0014x00000j83SsAAI,2022-02-14,2025-02-13
0064x00000AV0tqAAD,0014x000005pC5lAAE,2023-01-01,2023-12-31
0064x00000AsOghAAF,0014x00000edOVnAAM,2022-11-15,2023-11-14
0064x00000AsVR4AAN,0014x00000WwzSFAAZ,2022-11-18,2023-11-17
0064x00000AtURlAAN,0014x000005pBuIAAU,2022-12-01,2023-11-30
0064x00000Atjt7AAB,0014x00000SYzCqAAL,2022-12-06,2023-12-05
0064x00000Bqfl3AAB,0014x000005pC2uAAE,2022-11-30,2023-11-29
0064x00000C41POAAZ,0014x00000NSDTRAA5,2022-11-25,2023-11-24
0064x00000C46DzAAJ,0014x00000EmPaIAAV,2022-12-31,2023-12-30
0064x00000C4ye1AAB,0014x000005pC2ZAAU,2023-01-16,2024-01-15
0064x00000CVRLyAAP,0014x0000087l6iAAA,2023-03-08,2024-03-07
0064x00000CY4lSAAT,0014x00000vftDHAAY,2022-05-16,2023-05-15
0064x00000CYxXsAAL,0014x00001JZeTxAAL,2023-01-27,2024-01-26
0064x00000CmSSSAA3,0014x00000DIyrnAAD,2023-02-28,2024-02-27
0064x00000Cmep0AAB,0014x00000wlZ0NAAU,2022-09-30,2023-09-25
0064x00000CnlhGAAR,0014x00000zE3erAAC,2022-06-01,2023-05-31
0064x00000Co5IdAAJ,0014x000005pByJAAU,2023-05-14,2024-05-13
0064x00000D7APNAA3,0014x00000kHH1YAAW,2023-02-28,2024-02-27
0064x00000D7UL6AAN,0014x00000NTw3JAAT,2023-03-02,2024-03-01
0064x00000D7feoAAB,0014x00000GNJXxAAP,2023-04-04,2025-04-03
0064x00000D7ruUAAR,0014x000005pC9fAAE,2023-04-15,2024-04-14
0064x00000DAN23AAH,0014x00000EmpvXAAR,2023-03-26,2024-03-25
0064x00000DS9WcAAL,0014x000005pC9yAAE,2023-03-17,2024-03-16
0064x00000DSbWWAA1,0014x000005pC2uAAE,2022-05-31,2022-07-30
0064x00000DTUjhAAH,0014x000005pC9QAAU,2023-03-31,2024-03-30
0064x00000DTw1BAAT,0014x000005pC9nAAE,2023-03-31,2024-03-30
0064x00000DTwspAAD,0014x000005pBxHAAU,2023-02-17,2024-02-16
0064x00000DUZ0yAAH,0014x00000j83SsAAI,2023-02-14,2024-02-13
0064x00000DrScmAAF,0014x000019zkH4AAI,2023-06-29,2024-06-28
0064x00000Dv7S5AAJ,0014x00000vAQldAAG,2022-09-01,2023-08-31
0064x00000EGb4mAAD,0014x000013UkULAA0,2022-08-31,2023-08-30
0064x00000EIHUCAA5,0014x000012fPOcAAM,2023-06-19,2026-06-18
0064x00000EJKi9AAH,0014x000017oEsAAAU,2022-08-01,2022-09-17
0064x00000EJiPNAA1,0014x000012fQ4qAAE,2022-09-30,2025-09-29
0064x00000EJpfNAAT,0014x000005pCCxAAM,2022-07-18,2022-08-17
0064x00000Ed8idAAB,0014x00001BWZ1yAAH,2023-07-31,2024-07-30
0064x00000EdElwAAF,0014x000017oPSaAAM,2023-06-06,2024-06-05
0064x00000Ef02tAAB,0014x00000NTuhXAAT,2022-08-22,2022-12-30
0064x00000ErxMqAAJ,0014x000005pCBfAAM,2023-06-01,2024-05-31
0064x00000EryLkAAJ,0014x000005pCDrAAM,2022-06-20,2022-07-19
0064x00000EsGWpAAN,0014x000005pBxyAAE,2023-07-19,2024-07-18
0064x00000EtEatAAF,0014x000005pCAqAAM,2023-05-15,2024-05-14
0064x00000EtNNMAA3,0014x000005pC3FAAU,2022-06-30,2023-06-29
0064x00000EtzgfAAB,0014x000014dekeAAA,2022-08-29,2022-09-28
0064x00000EvY3VAAV,0014x00001AhOkgAAF,2022-06-30,2023-06-29
0064x00000Evg9ZAAR,0014x00000zE3erAAC,2023-06-01,2024-05-31
0064x00000EvqvvAAB,0014x00001AhOkgAAF,2023-06-29,2024-06-28
0064x00000FkcqhAAB,0014x000012fQHCAA2,2023-03-02,2024-03-01
0064x00000FlttEAAR,0014x000012f294AAA,2022-12-01,2023-01-31
0064x00000Fn6q4AAB,0014x00001BWZ1yAAH,2022-07-31,2023-07-30
0064x00000GSJXDAA5,0014x000005pC9yAAE,2022-12-31,2023-03-16
0064x00000GTyg8AAD,0014x00000g2l0ZAAQ,2022-10-24,2022-11-23
0064x00000GUCzaAAH,0014x00001MOD5nAAH,2022-12-08,2022-12-22
0064x00000I4FgVAAV,0014x00001MqmzLAAR,2022-09-28,2023-09-27
0064x00000I5LULAA3,0014x00000DKxGcAAL,2022-10-12,2022-11-11
0064x00000JM36EAAT,0014x00001R1zd6AAB,2022-12-01,2023-11-30
0064x00000JMWV8AAP,0014x000005pBsWAAU,2022-11-14,2023-11-13
0064x00000JMXyVAAX,0014x000012fQ4qAAE,2023-09-30,2024-09-29
0064x00000JMXz4AAH,0014x000012fQ4qAAE,2024-09-30,2025-09-29
0064x00000JMeY1AAL,0014x00001OvUTDAA3,2023-02-28,2023-03-27
0064x00000JNjutAAD,0014x00000kHGkkAAG,2023-02-24,2023-03-23
0064x00000JO6qcAAD,0014x00001MsGtxAAF,2023-02-13,2023-03-12
0064x00000JxNrlAAF,0014x00001AhFQVAA3,2023-01-10,2024-01-09
0064x00000JybzEAAR,0014x00001jHKX3AAO,2022-12-30,2023-12-29
0064x00000JzrKHAAZ,0014x00001jJDF1AAO,2022-12-05,2023-12-04
0064x00000KD1KsAAL,0014x00001mkD3LAAU,2023-01-23,2024-01-22
0064x00000L3pbfAAB,0014x00001mknDLAAY,2023-02-16,2023-03-15
0064x00000L5NmSAAV,0014x000012fQHCAA2,2023-01-02,2023-03-01
0064x00000LVh3sAAD,0014x000012fPOcAAM,2023-02-27,2023-03-26
0064x00000LVsWeAAL,0014x000019zkH4AAI,2023-05-22,2023-06-28
0064x00000LW44VAAT,0014x000005pBtyAAE,2023-02-08,2025-02-07
0064x00000LY3KzAAL,0014x000005pBtyAAE,2024-02-08,2025-02-07
0064x00000LY5nhAAD,0014x00001Ow1SUAAZ,2023-02-28,2023-03-27
0064x00000LpBkPAAV,0014x00000j83SsAAI,2024-02-14,2025-02-13
0064x00000MWnsQAAT,0014x00001mjOlEAAU,2023-04-03,2023-05-02
0064x00000MWx92AAD,0014x00001mjG2tAAE,2023-04-12,2023-05-11
0064x00000MWyKNAA1,0014x000017mjMcAAI,2023-04-18,2023-05-17
0064x00000N1eTKAAZ,0014x000012evCSAAY,2023-04-14,2023-05-13
0064x00000N2moeAAB,0014x000012etgYAAQ,2023-04-24,2023-05-07
0064x00000N2pCXAAZ,0014x00001uS5o4AAC,2023-05-28,2024-05-27
0064x00000NoNNrAAN,0014x00000GNJXxAAP,2024-04-04,2025-04-03
0064x00000OluN0AAJ,0014x00001xYjbLAAS,2023-07-24,2024-07-23
0064x00000On7rrAAB,0014x000012fPOcAAM,2025-06-19,2026-06-18
0064x00000On7tmAAB,0014x000012fPOcAAM,2024-06-19,2025-06-18
0064x00000OoHW9AAN,0014x000005pCEMAA2,2023-08-14,2023-09-29
0064x00000PMRoEAAX,0014x00001uUYXXAA4,2023-06-08,2023-06-29
0064x00000PNWsVAAX,0014x000005pBvdAAE,2024-06-30,2025-06-29
0064x00000PjyYyAAJ,0014x00001zOHGUAA4,2023-08-14,2023-09-13
0064x00000CYeiyAAD,0014x00000u47jrAAA,2023-01-31,2024-01-30
0064x000002C0JEAA0,0014x000005pC5MAAU,2023-02-01,2024-01-31
0064x000007K4LMAA0,0014x00000A6ytWAAR,2022-06-02,2023-06-01
0064x000007Ki2XAAS,0014x000005pCBqAAM,2022-08-19,2023-08-18
0064x000007LZJeAAO,0014x000005pCChAAM,2022-08-29,2023-08-28
0064x000008mi3DAAQ,0014x000005pC2OAAU,2022-07-29,2024-07-28
0064x000008pmP4AAI,0014x000005pBzEAAU,2022-08-12,2023-08-11
0064x000009OkCbAAK,0014x00000WwpUtAAJ,2022-08-18,2023-08-17
0064x000009kI24AAE,0014x00000Z0rG8AAJ,2023-06-17,2024-06-16
0064x000009mWEEAA2,0014x00000zCjP7AAK,2022-12-23,2023-12-22
0064x000009miRNAAY,0014x000005pCCuAAM,2022-10-11,2023-10-10
0064x00000ACNycAAH,0014x000005pBsnAAE,2022-10-15,2023-10-14
0064x00000ACsTQAA1,0014x00000bv098AAA,2022-10-14,2023-10-13
0064x00000AEGB5AAP,0014x000005pByIAAU,2022-11-01,2023-10-31
0064x00000AEi1dAAD,0014x00000g2l0ZAAQ,2022-11-24,2023-11-23
0064x00000AEsBAAA1,0014x00000Emsz5AAB,2022-10-20,2023-10-19
0064x00000AUyI7AAL,0014x00000Z2LVBAA3,2022-11-01,2023-10-31
0064x00000AX2lEAAT,0014x00000h7dC5AAI,2022-11-22,2023-11-21
0064x00000AsPH9AAN,0014x00000bvBjNAAU,2022-11-08,2023-11-07
0064x00000C3R9BAAV,0014x00000n6WNdAAM,2023-02-01,2024-01-31
0064x00000C4OVjAAN,0014x00000j6q8qAAA,2022-12-31,2023-12-30
0064x00000C4fbtAAB,0014x000005pBoSAAU,2022-12-30,2023-12-29
0064x00000CXopiAAD,0014x00000eg8dDAAQ,2023-01-31,2024-01-30
0064x00000CYTeIAAX,0014x0000085QqgAAE,2023-02-01,2024-01-31
0064x00000Cn4A2AAJ,0014x00000sdrLBAAY,2023-02-15,2024-02-14
0064x00000CnNpsAAF,0014x000005pC5sAAE,2023-02-01,2024-01-31
0064x00000CnjsCAAR,0014x00000Z0bVPAAZ,2022-05-31,2023-05-30
0064x00000CpwQCAAZ,0014x00000wnSsnAAE,2023-02-28,2024-05-27
0064x00000D7BrDAAV,0014x0000122TE5AAM,2022-06-15,2023-06-14
0064x00000D907rAAB,0014x000017pfXNAAY,2022-09-06,2023-09-05
0064x00000DAbsFAAT,0014x000005pCB1AAM,2023-03-23,2024-03-22
0064x00000DSAiSAAX,0014x000013tbmfAAA,2022-10-26,2023-10-25
0064x00000DSpm6AAD,0014x00000v9fKhAAI,2022-11-11,2023-11-10
0064x00000DTFabAAH,0014x00000ecYrYAAU,2023-03-28,2024-03-27
0064x00000DTVkdAAH,0014x00000u5nJ9AAI,2023-03-31,2025-03-30
0064x00000DTxXyAAL,0014x000012ewmtAAA,2022-05-09,2023-05-08
0064x00000DrReNAAV,0014x000014dekeAAA,2022-11-15,2023-11-14
0064x00000DrRwgAAF,0014x00001126gjAAA,2023-04-14,2024-10-13
0064x00000Ds0VSAAZ,0014x000015L46bAAC,2023-05-01,2024-04-30
0064x00000DsdDRAAZ,0014x000017oPSaAAM,2022-06-06,2023-06-05
0064x00000DtHtrAAF,0014x0000163MWYAA2,2023-02-27,2024-02-26
0064x00000Dtm67AAB,0014x000005pCAwAAM,2023-05-01,2024-04-30
0064x00000DuAIqAAN,0014x00000A6oxlAAB,2023-05-28,2024-05-27
0064x00000DuAeNAAV,0014x000012evEgAAI,2022-11-30,2023-11-29
0064x00000DuAvdAAF,0014x0000165OjVAAU,2022-05-31,2023-05-30
0064x00000EGP2HAAX,0014x000017OwrmAAC,2022-06-30,2023-06-29
0064x00000EHUTQAA5,0014x000017PR8BAAW,2022-05-25,2023-05-24
0064x00000EHkslAAD,0014x000017RbjeAAC,2022-05-31,2023-05-30
0064x00000EI0kMAAT,0014x00000tWlbHAAS,2022-10-31,2024-10-30
0064x00000EIm2fAAD,0014x00000kHgyoAAC,2022-06-30,2023-06-29
0064x00000EJ5n7AAD,0014x000016fmj6AAA,2022-05-31,2023-05-30
0064x00000I6mwHAAR,0014x00001OyI7eAAF,2023-02-20,2025-02-19
0064x00000LY3L1AAL,0014x000005pBtyAAE,2023-02-08,2025-02-07
0064x00000EJs9WAAT,0014x000017PR8BAAW,2023-05-25,2024-05-24
0064x00000EK6H6AAL,0014x0000165OjVAAU,2023-05-31,2024-05-30
0064x00000EdpDhAAJ,0014x00000kHgyoAAC,2023-06-30,2024-06-29
0064x00000EeGcbAAF,0014x00001C8bnvAAB,2022-09-06,2023-09-05
0064x00000ErzMkAAJ,0014x000016fmj6AAA,2023-05-31,2024-05-30
0064x00000Es7QHAAZ,0014x00000Z0bVPAAZ,2023-05-31,2024-05-30
0064x00000EsRzFAAV,0014x0000122TE5AAM,2023-06-15,2024-06-14
0064x00000EsrW3AAJ,0014x000005pCChAAM,2023-08-29,2024-08-28
0064x00000Etj2FAAR,0014x00000kHLZxAAO,2022-11-10,2023-11-09
0064x00000Euy3rAAB,0014x000017qc37AAA,2022-06-30,2023-06-29
0064x00000EvaWUAAZ,0014x000017OwrmAAC,2023-06-30,2024-06-29
0064x00000EvgXRAAZ,0014x000017RbjeAAC,2023-05-31,2025-05-30
0064x00000FkqdUAAR,0014x00001AkIsLAAV,2022-09-05,2023-09-04
0064x00000FmIO3AAN,0014x000005pBrGAAU,2022-08-29,2023-08-28
0064x00000FmJIVAA3,0014x000005pBzEAAU,2023-08-12,2024-08-11
0064x00000FmiGvAAJ,0014x00000vJEufAAG,2022-09-16,2023-09-15
0064x00000Fn5v3AAB,0014x00001Ajy90AAB,2022-09-30,2023-09-29
0064x00000GQUyTAAX,0014x00000A6ytWAAR,2023-06-02,2024-09-01
0064x00000GRdTdAAL,0014x0000122j0IAAQ,2022-09-15,2023-09-14
0064x00000GRtzSAAT,0014x00001GAkEoAAL,2023-05-22,2024-05-21
0064x00000GTCwCAAX,0014x00001KhvYEAAZ,2022-09-30,2023-09-29
0064x00000GTLOIAA5,0014x000005pBrGAAU,2023-07-14,2025-07-13
0064x00000I3OgfAAF,0014x00001BYYECAA5,2022-10-06,2023-10-05
0064x00000I4DqEAAV,0014x00000kHNZoAAO,2023-09-15,2024-09-14
0064x00000I5No9AAF,0014x00001A0puJAAR,2022-10-31,2023-10-30
0064x00000JMAtaAAH,0014x00001R4RCzAAN,2022-12-13,2023-12-12
0064x00000JNxlmAAD,0014x00000tWlbHAAS,2023-10-31,2024-10-30
0064x00000JwmjmAAB,0014x00001jJyYiAAK,2023-03-13,2026-03-12
0064x00000Jwwh6AAB,0014x000005pC0DAAU,2022-12-05,2023-12-04
0064x00000Jxsh6AAB,0014x00000tWlbHAAS,2023-01-20,2024-10-30
0064x00000KDAoWAAX,0014x000012etgYAAQ,2023-05-08,2024-05-07
0064x00000L1jcSAAR,0014x00001mknDLAAY,2023-06-30,2026-06-29
0064x00000LVB50AAH,0014x00001Ow1SUAAZ,2023-03-28,2024-03-27
0064x00000LWWKaAAP,0014x00001o2ktOAAQ,2023-06-29,2024-06-28
0064x00000LXFlLAAX,0014x00000ecYqCAAU,2023-06-12,2024-06-11
0064x00000LYEaeAAH,0014x00001mjG2tAAE,2023-05-12,2024-05-11
0064x00000LZ87yAAD,0014x000014e1ibAAA,2023-03-31,2024-03-30
0064x00000LpBwfAAF,0014x00001OyI7eAAF,2024-02-20,2025-02-19
0064x00000LpC11AAF,0014x000012f4seAAA,2024-03-20,2025-03-19
0064x00000M7k65AAB,0014x000012f4seAAA,2023-03-20,2025-03-19
0064x00000M7megAAB,0014x00000u5nJ9AAI,2024-03-31,2025-03-30
0064x00000M9dBpAAJ,0014x00001mjOlEAAU,2023-06-30,2024-06-29
0064x00000MR64SAAT,0014x000005pCBmAAM,2023-06-30,2024-07-29
0064x00000MXkLHAA1,0014x00001uUYXXAA4,2023-06-30,2024-06-29
0064x00000N2Gl0AAF,0014x000017RbjeAAC,2024-05-31,2025-05-30
0064x00000N3FfNAAV,0014x00000ygNT0AAM,2023-06-30,2024-06-29
0064x00000N3NsaAAF,0014x00001uSr3ZAAS,2023-04-28,2024-04-27
0064x00000Nb9SxAAJ,0014x00001rUBWrAAO,2023-05-31,2024-05-30
0064x00000PbVfUAAV,0014x000017qc37AAA,2023-06-30,2023-07-29
0064x00000PuYqbAAF,0014x00001mknDLAAY,2025-06-30,2026-06-29
0064x00000PuZB9AAN,0014x00001mknDLAAY,2024-06-30,2025-06-29
0064x00000ACWcoAAH,0014x000005pBuVAAU,2022-11-09,2023-11-08
0064x00000PwNcIAAV,0014x000005pBrGAAU,2024-07-14,2025-07-13
0064x00000JKziPAAT,0014x00000Z2LVBAA3,2023-11-01,2024-10-31
0064x00000I6ukMAAR,0014x00000wlZ0NAAU,2023-09-26,2024-09-25
0064x00000LpBuKAAV,0014x000005pC2OAAU,2023-07-29,2024-07-28
0064x00000N2b9yAAB,0014x00001mjLQkAAM,2023-06-30,2024-06-29
0064x00000C44ucAAB,0014x000005pC3FAAU,2023-03-04,2024-03-03
0064x00000JLMnIAAX,0014x0000122j0IAAQ,2023-09-15,2024-09-14
0064x00000NekHqAAJ,0014x000005pBrGAAU,2023-07-14,2025-07-13
0064x00000MWwcNAAT,0014x000017mjMcAAI,2023-06-30,2024-06-29
0064x00000GQcSFAA1,0014x000012eyq4AAA,2023-08-16,2024-08-15
0064x00000Np9B6AAJ,0014x00001mjLn1AAE,2023-06-30,2024-06-29
0064x00000I4Jt5AAF,0014x00000vJEufAAG,2023-09-16,2024-09-15
0064x00000GQrm4AAD,0014x000013UkULAA0,2023-08-31,2024-08-30
0064x00000GSiSYAA1,0014x00000vAQldAAG,2023-09-01,2024-08-31
0064x00000JOcxsAAD,0014x000014dekeAAA,2023-11-15,2024-11-14
0064x00000GTOdzAAH,0014x00001C8bnvAAB,2023-09-06,2025-09-05
006Qk000000rpR4IAI,0014x00001C8bnvAAB,2024-09-06,2025-09-05
0064x00000PbNlwAAF,0014x00001zOHGUAA4,2023-09-14,2024-09-13
0064x00000Ee0JdAAJ,0014x00001C9yXUAAZ,2022-09-01,2022-09-30
0064x00000DSQx5AAH,0014x0000111M20AAE,2023-03-27,2024-03-26
0064x00000Eu2n4AAB,0014x00000vftDHAAY,2023-05-16,2024-05-15
006Qk000000iPCSIA2,0014x00001JZkANAA1,2023-09-05,2024-09-04
006Qk000000hRY5IAM,0014x00001mjBDSAA2,2023-08-31,2023-09-29
006Qk000000s6V3IAI,0014x00001lduxxAAA,2023-09-09,2024-09-08
0064x00000Fn7Z7AAJ,0014x00000EmX9aAAF,2023-09-23,2025-09-22
006Qk0000013E99IAE,0014x00000EmX9aAAF,2024-09-23,2025-09-22
006Qk0000015V7SIAU,0014x000005pCCuAAM,2024-10-11,2025-10-10
0064x00000JL0o3AAD,0014x000005pCCuAAM,2023-10-11,2025-10-10
006Qk000000RHMYIA4,0014x00000g3JXlAAM,2023-09-11,2023-10-10
0064x00000GTTw3AAH,0014x00001AkIsLAAV,2023-09-05,2024-09-04
0064x00000GTNwlAAH,0014x000017pfXNAAY,2023-09-06,2024-09-05
0064x00000JMpi0AAD,0014x00001Rd35sAAB,2022-12-31,2023-12-30
0064x00000JyZIhAAN,0014x00000h7dC5AAI,2023-11-22,2024-11-21
0064x00000PMs5KAAT,0014x000012f294AAA,2023-09-01,2024-08-31
0064x00000M9nXGAAZ,0014x00000zCcQRAA0,2023-09-27,2023-10-26
0064x00000PMq5VAAT,0014x000005pC3FAAU,2023-07-01,2024-06-30
0064x00000L5aj3AAB,0014x00001OuR1lAAF,2023-02-06,2023-03-05
0064x00000I5chOAAR,0014x00000SVjkSAAT,2023-09-28,2024-09-27
0064x000008oQhpAAE,0014x00000Wv2H7AAJ,2021-09-27,2022-09-26
0064x000009ka5WAAQ,0014x00000Wv2H7AAJ,2022-09-27,2023-09-26
006Qk0000015IbdIAE,0014x00001ldoAAAAY,2023-09-29,2023-10-28
0064x00000EdcQ9AAJ,0014x00000WwpUtAAJ,2023-08-18,2024-08-17
0064x00000JzRUeAAN,0014x000013tbmfAAA,2023-10-26,2024-10-25
0064x00000JOM5lAAH,0014x00001BYYECAA5,2023-10-06,2024-10-05
006Qk000001WiQMIA0,0014x000005pBsnAAE,2025-10-15,2026-10-14
0064x00000JL9RlAAL,0014x000005pBsnAAE,2023-10-15,2026-10-14
0064x00000JLzvMAAT,0014x00000WwzSFAAZ,2023-11-18,2025-11-17
0064x00000PvalmAAB,0014x00001mjBDSAA2,2023-09-30,2025-09-29
0064x00000I62rtAAB,0014x00000Wv2H7AAJ,2023-09-27,2024-09-26
0064x00000I5syDAAR,0014x00001MqmzLAAR,2023-09-28,2024-09-27
0064x000002AREVAA4,0014x000005pBsnAAE,2021-10-15,2022-10-14
006Qk000001WjRHIA0,0014x000005pBsnAAE,2024-10-15,2025-10-14
0064x00000C3BByAAN,0014x00000NTuhXAAT,2022-12-31,2023-12-30
0064x00000Pc5D0AAJ,0014x00000vjE8lAAE,2023-09-30,2024-09-29
0064x00000NppPrAAJ,0014x00000vAQfwAAG,2023-09-30,2024-09-29
